southbank,springvale_south,clyde_north,maidstone,preston,officer_south,sale,tarneit,altona_meadows,melbourne,frankston_south,armstrong_creek,berwick,pakenham,wangaratta,st_arnaud,horsham,bunyip,miners_rest,gerang_gerung,somerville,armadale,hallam,williams_landing,collingwood,shepparton,hawthorn_east,narre_warren_south,endeavour_hills,seymour,melton_west,pearcedale,werribee,waurn_ponds,croydon_north,donald,sunshine_north,charlemont,williamstown,templestowe,malvern_east,ringwood_east,mooroopna,sunbury,clayton,meadow_heights,camberwell,manor_lakes,mulgrave,greenvale,travancore,mount_martha,st_kilda,barnawartha,smythes_creek,truganina,banyan_place,officer,geelong,keysborough,prahran,doncaster_east,melton_south,jacana,hawthorn,kurunjang,bairnsdale,northcote,rosebud,darley,dandenong_north,mount_eliza,doncaster,rosanna,bright,cobblebank,narre_warren_north,whittington,forest_hill,alfredton,point_cook,mount_duneed,bundoora,eumemmerring,pakenham_south,belmont,wodonga,lakes_entrance,beaufort,whorouly,long_gully,kingsbury,broadford,keilor_north,fitzroy,kilsyth,bonbeach,caulfield_south,balaclava,box_hill_north,haven,creswick,delacombe,port_melbourne,warrnambool,north_melbourne,bentleigh,weir_views,frankston,noble_park,newborough,cranbourne_east,docklands,highton,warragul,paradise_beach,brooklyn,cowes,avenel,glenroy,korumburra,glen_iris,glenthompson,footscray,portland,harkness,traralgon,eagle_point,bell_park,west_footscray,allans_flat,baranduda,ascot_vale,killara,botanic_ridge,golden_beach,donvale,koo_wee_rup,norlane,south_yarra,richmond,coburg,doreen,tallarook,greensborough,croydon,bellbrae,kingsville,raywood,leongatha,rye,mildura,sunshine,cheltenham,grenville,herne_hill,carrum_downs,springvale,drouin,kangaroo_flat,welshpool,clyde,caulfield_north,eltham,blackburn,wahgunyah,mickleham,broadmeadows,bacchus_marsh,capel_sound,smythesdale,rowville,forrest,wallan,st_kilda_east,selby,cohuna,moonee_ponds,cockatoo,carnegie,healesville,geelong_west,skye,jeeralang_junction,boronia,nunawading,corinella,barwon_heads,wollert,hadfield,edithvale,blackburn_north,mount_clear,carlton,melton,fraser_rise,chadstone,aintree,echuca,strathtulloh,cannons_creek,lara,cranbourne_north,brighton,beaconsfield,dandenong,yarraville,hawkesdale,sunshine_west,mornington,yarrawonga,grovedale,abbotsford,windsor,wheelers_hill,cranbourne_west,safety_beach,kilmore,grantville,maiden_gully,yarra_glen,beveridge,st_albans_park,burwood_east,sydenham,dunolly,reservoir,elwood,montmorency,craigieburn,hillside,riddells_creek,chelsea,fitzroy_north,merino,murrumbeena,kyneton,tecoma,newstead,warrandyte,north_bendigo,ringwood,scarsdale,spring_gully,st_leonards,curlewis,chiltern,deanside,malvern,mordialloc,keilor,frankston_north,gisborne,pascoe_vale,wy_yung,brunswick_west,neerim_south,hampton_east,highett,loch_sport,kangaroo_ground,st_albans,golden_square,parkdale,camperdown,brighton_east,torquay,wonthaggi,morwell,newcomb,tynong,invergordon,langwarrin,maribyrnong,werribee_south,dallas,avoca,winter_valley,macedon,rockbank,upwey,fawkner,cape_woolamai,daylesford,bittern,wyndham_vale,heathcote_junction,hampton_park,gladstone_park,roxburgh_park,toora,strath_creek,yarragon,longwarry,westmeadows,stratford,lovely_banks,aspendale_gardens,manifold_heights,mernda,delahey,hamilton,canadian,shed,tootgarook,benalla,brookfield,petal_crescent,huntly,blackburn_south,mitcham,mambourin,strathmore,coburg_north,parkville,kalkallo,donnybrook,dream_estate,junction_village,ararat,tyabb,lang_lang,venus_bay,cranbourne,maryborough,hoppers_crossing,lyndhurst,alfredton_grove_estate,seaford,doveton,mansfield,sunset_strip,blairgowrie,cobden,meridian_estate,diggers_rest,avondale_heights,kialla,whittlesea,tooborac,ingliston,hamlyn_heights,diamond_creek,keilor_downs,thornhill_park,grandvue,woodside_beach,plumpton,paynesville,incl_fhog!!,incl_fhog!,incl_fhog!!!,caroline_springs,mont_albert,glen_waverley,foster,bendigo,hastings,chewton,ivanhoe,great_western,upper_plenty,south_melbourne,maldon,barwite,south_morang,kerang,wantirna_south,heidelberg,dunkeld,longlea,glenrowan,clunes,wendouree,east_bendigo,lucas,skipton,bayswater,ashburton,cannie,cheshunt,brunswick_east,mount_cottrell,numurkah,mont_albert_north,wimbledon_heights,portarlington,croydon_south,toorak,balnarring,halls_gap,mount_pleasant,nhill,essendon,eaglehawk,brunswick,katunga,somers,strathmerton,box_hill_south,heathmont,bearii,kyabram,kensington,coolaroo,romsey,flemington,lorne,wandong,balwyn_north,thornbury,burwood,narre_warren,alphington,eildon,north_warrandyte,nathalia,euroa,west_melbourne,stuart_mill,mount_helen,thomastown,corio,lethbridge,ravenswood,brown_hill,mudgegonga,ocean_grove,clifton_springs,murchison,inverloch,taylors_hill,merbein_south,lynbrook,nagambie,dumbalk_north,altona_north,maddingley,bushfield,california_gully,connewarre,flora_hill,eltham_north,glengarry_north,braybrook,cross_roads,meadow_creek,mount_waverley,bentleigh_east,dromana,longwood,point_lonsdale,cobram,merrifield_estate,taylors_lakes,ashwood,pascoe_vale_south,drysdale,essendon_north,barongarook_west,sandhurst,stanley,golden_point,garfield_north,north_shore,quambatook,drayton_place,kilsyth_south,epsom,tirjena_estate,redan,mckinnon,chirnside_park,daisy_road,glenpatrick,korweinguboora,monbulk,churchill,bulleen,indented_head,sebastopol,airport_west,keilor_east,belgrave_south,dennington,moriac,mooroolbark,epping,lexton,everton_upper,mcloughlins_beach,bayswater_north,lalor,ringwood_north,hazelwood_north,lake_tyers_beach,oakleigh,marong,woori_yallock,bannockburn,berriwillock,emerald,bonshaw,sandy_point,tallangatta,white_hills,castlemaine,rainbow,mount_dandenong,ferny_creek,clematis,ferntree_gully,quantong,spotswood,heidelberg_west,mount_beauty,box_hill,newtown,lilydale,goughs_bay,stawell,merrifield,tylden,campbells_creek,nareen,arramont,ballan,bailieston,mentone,bruthen,mortlake,flagstaff,ballarat_central,breakwater,woodend,viewbank,koonwarra,st_andrews_beach,croydon_hills,new_gisborne,mill_park,ormond,thomson,lake_wendouree,belgrave_heights,maffra,surf_beach,leopold,irymple,metung,kennington,bet_bet,aspendale,lucknow,campbellfield,bealiba,boneo,rosedale,bena,caringal,contata_grove_octave_estate,grande_vue_estate,meeniyan,oak_park,chelsea_heights,newington,beaumaris,warburton,hampton,crib_point,katamatite,whitfield,swan_hill,yallourn_north,hughesdale,kew,moorabbin,gisborne_south,wandin_north,seville,knoxfield,kings_park,wantirna,sandringham,boolarra,newport,charlton,jeparit,dales_creek,elmore,soldiers_hill,warranwood,quarry_hill,avonsleigh,strathbogie,myrtleford,hurstbridge,seabrook,bonnie_doon,red_cliffs,edenhope,moreys_road,rochester,gembrook,kinglake,aria_estate,arai_estate,aria_estate,wye_river,warracknabeal,middle_tarwin,corack_road,tullamarine,macleod,park_orchards,mount_buller,denver,ballarat_north,bolwarra,eppalock,ouyen,templestowe_lower,coleraine,west_wodonga,ballarat_east,invermay_park,stoneleigh,linton,mount_macedon,millgrove,casterton,carrum,rushworth,montrose,won_wron,inverleigh,clifton_hill,hidden_valley,cremorne,altona,sorrento,tongala,yundool,rutherglen,hurley_circuit,poowong_north,south_kingsville,heathcote,colac,daisy_hill,moolap,heatherton,tatura,tol_tol,seaholme,trentham,fritelli_circuit,jamieson,ardeer,ruthven_way,mervyn_way,mount_best,port_albert,moyston,pavilion_estate,bridgefield_estate,durham_lead,traralgon_south,jubilee_estate,lancefield,little_creek_estate,rosewood_estate,walkerville,moe,patterson_lakes,timboon,terang,clayton_south,castle_creek,ruby,glenluce,kongwak,beremboke,buninyong,omeo,lockington,inglewood,fairfield,scoresby,beechworth,vermont,hutchison_road,goldie,st_kilda_west,sunday_creek,merton,vermont_south,bell_post_hill,lake_gardens,eaglemont,north_geelong,dinner_plain,lindenow_south,mirboo_north,ballendella,arcadia,welshmans_reef,the_basin,trida,lake_rowan,gower,dingley_village,coimadai,apollo_bay,orbost,deer_park,kew_east,branxholme,kingston,silvan,research
,682000,,670000,1200000,532378,418000,650000,890000,450000,750000,553595,660000,635000,375000,670000,749000,730000,450500,10000,1100000,440000,675000,720000,530000,310000,770000,680000,525000,187500,559000,1350000,599400,700000,730000,68000,620000,595000,594000,740000,440000,979000,225000,684987,440000,429000,1450000,475000,770000,900000,365000,825000,370000,609000,250000,435466,699100,1150000,800800,760000,449000,540000,419000,550000,580000,449000,129000,950000,1100000,779000,700000,1700450,1150000,440000,849000,550000,1650000,360000,990000,570000,450000,1800000,480000,616000,1200000,710000,369000,395000,529000,699000,279000,640000,690000,6800000,495000,610000,750000,750000,770000,850000,145000,660000,440000,685000,565000,520000,440000,622500,680000,600000,225000,740000,625000,765000,695000,59000,680000,585000,250000,,850000,612000,225000,380000,400000,609000,190200,248000,549000,800000,599900,749000,2200000,305000,663390,340000,,790000,379000,1490000,640000,900000,1250000,800900,930000,585000,1650000,750000,395000,575000,900000,575000,,640000,750000,620000,425000,660000,430000,240000,475000,536800,385000,1300000,550000,480000,452540,,619000,895000,585000,940000,965000,510000,825000,495000,,439000,630000,660000,1650000,1900000,679000,699000,720000,440000,498800,2100000,425080,,460000,1050000,440000,1400000,409000,593000,970000,652990,549000,520000,1045000,749000,575000,3150000,770000,737000,1100000,399000,740000,704000,439000,599000,660000,670000,979000,639000,1325000,660000,405000,985000,660000,410989,475000,800800,430000,285000,580000,980000,600600,460000,800000,530000,1250000,880000,30000,585000,1730000,880000,550000,1700000,445000,690000,280000,580000,750000,440000,399000,513972,396000,1175000,1375000,528000,890000,,795000,470000,260000,1450000,1280000,399000,1650000,420000,499000,615000,650000,600000,950000,749000,285000,495000,849000,230000,460000,295000,375000,520000,289000,338895,1250000,616717,660000,800000,700700,715000,795000,383000,1000000,540000,,600000,435000,2000400,485000,468000,760000,600000,489000,1200000,780000,390000,580000,220000,486800,550000,704000,148000,482082,265000,300000,1150000,1450000,731000,2500000,760000,325000,512410,563910,410516,361200,275000,650000,580900,299000,539820,350350,625000,880000,423022,550550,575000,749000,549000,1045000,330000,482500,503490,850000,495994,600600,480000,1500000,585000,800000,657990,403972,866400,570000,647972,459000,632245,506785,564005,400500,660000,810000,485000,420000,559000,545000,2200000,270000,1200000,568000,845000,960000,507000,270000,1200000,1195000,690000,800000,559000,350000,780000,400000,519000,290000,600000,600000,130000,445000,420000,558000,420000,1045000,630000,895000,890000,465000,1585000,440000,410000,158000,550000,469076,295000,398000,1595000,75000,1400000,620000,325000,434100,1050000,395000,622000,420000,3500000,720000,1980000,420000,775000,902000,2500000,875000,1350000,371768,795000,380000,45000,503386,740000,480000,930000,1200000,555000,1100000,949000,775000,378677,1050000,730000,394900,588000,225000,579000,850000,875000,13000,119000,1650000,305000,11000,788000,595000,290000,,1355000,1130000,930000,430000,865000,495000,520342,699000,600000,235000,670000,720000,285000,685000,500600,385000,450500,920000,158000,199990,1850000,432000,504724,340000,2300000,638000,359000,195000,860000,675000,324340,1400000,895000,360000,840000,570000,830000,399900,878000,530000,550000,339000,700000,90000,750000,539000,1070000,1295000,410000,395000,650000,620000,689000,285000,980000,530000,795000,415000,125000,745000,99000,3225000,869000,726000,825000,295000,830000,605000,455000,450500,675000,880000,495000,240000,570657,895000,595000,458000,641885,379830,360000,520000,495000,440000,545000,730000,619000,565000,1100000,770000,3001900,1200000,855000,695000,430000,480000,1500000,572000,405000,690000,549000,1070000,650000,580000,260000,1150000,295000,,140000,1500000,549000,2900000,495000,339000,548700,550000,,880000,889000,1700000,790000,389000,820000,179000,780000,528000,790000,1300000,1200000,460000,1020000,760000,735000,726000,520000,979000,2651000,1100000,1300000,47000,89000,450000,277998,440000,1150000,530000,1100000,549000,860000,800900,690000,920000,385000,215000,229000,1100000,705000,9001300,310000,330000,355000,2250000,219000,799000,39000,650000,920000,4300000,1150000,335000,595000,180000,450000,190000,,149400,409000,350000,580000,430000,450000,1650000,450000,100000,610000,165000,730000,549000,865000,1200000,85000,600000,1000000,1650000,210000,745000,539000,165000,2270000,490000,495000,319000,549000,630000,495000,420000,6500000,750000,890000,255000,880000,660000,295500,268500,799000,168000,695000,609356,425397,420000,1300000,501988,620000,489425,564732,770000,299000,600000,350000,195000,5200000,1275000,1350000,185000,465000,259000,520000,230000,1200000,335000,680000,880000,690000,1010000,322500,1400100,479000,700700,839000,,550000,885000,1275000,579000,615000,395000,560000,450000,380000,145000,748000,595000,485000,535000,770000,1650000,1500000,239000,429000,2475000,350000,830000,1575000,1650000
,700000,485000,410000,1200000,496913,260000,600000,715000,600000,730000,526009,570000,495000,270000,259000,179950,700000,519000,,660000,545000,615000,660000,560000,310000,594000,1700000,690000,385000,449000,930000,523300,530000,770000,,620000,419990,1450000,1320000,650000,,398800,700000,589000,,693000,526000,870000,730000,365000,2100000,469000,,414900,505636,,820000,659000,680000,1795000,1250000,383300,,520000,459000,425000,319000,2995000,410000,979000,,570000,820000,1290000,400400,1450000,,,542500,450000,627425,630000,620000,,620000,340000,459000,,,459000,400500,464000,,3700000,2400000,790000,530000,430000,,169000,510000,510000,610000,425000,155000,1375000,490000,650000,620000,599839,570000,550650,630000,369000,365000,860000,450000,,510000,720000,480000,315000,280000,345000,605000,449000,349545,520000,385000,795000,685000,519000,625000,756400,175000,700850,485800,1500000,600000,1400000,630000,1000000,345000,570000,600000,,550000,,385000,945000,218000,670000,950000,,780000,660000,825000,481840,285000,,540000,385000,740000,680000,,428285,610000,749000,540000,,850000,,549900,630000,,,1700000,410000,385000,750000,699000,730000,,660000,1070000,645000,,680630,1210000,1150000,1200000,,160000,469591,608000,,729000,425000,399000,,473993,525000,84000,515270,385000,950000,,600000,1550000,499000,550000,1150000,500000,,720000,1025000,730000,,825000,980000,570930,,550000,419000,679000,650000,570000,950000,380000,510000,650000,600000,3300000,,1375000,870000,,,1030000,500000,440000,,490000,800000,440000,,317000,410000,920000,1300000,530000,775300,750000,,1155000,,1900000,750000,310000,,795000,445000,2400000,410000,2090000,1200000,329000,349500,520000,,,700700,540000,429000,440000,,466600,,639312,,880000,749000,1150000,1575000,505967,,490000,595000,742500,425000,,611100,438000,600000,459000,491300,1050000,489000,470000,495000,649000,500915,,765000,620000,539342,,382271,760000,,690000,1600000,810000,2200000,728900,478910,423421,841300,340000,350000,670000,489000,605520,238000,580000,980000,397630,980000,770000,749000,499000,1050000,,,534240,880000,488400,,,,595000,760000,,528972,,,507000,330000,541835,,,750000,1540000,1350000,,403050,410000,545000,1350000,,575000,483000,435000,,374900,,620000,745000,265000,,669000,465000,440000,,5170,,750000,1580000,,,390000,536000,330000,,459000,640000,465000,,,,,,1400000,520000,950000,,,,1265000,1150000,,389500,1325000,,570000,435000,145000,1035000,1900000,550000,599000,830000,650000,,2200000,,390000,730000,,,500500,548000,,,390000,,770000,525000,110000,950000,,,,,,825000,699000,,460000,,,1265000,,790000,,,13000,1275000,795000,,1060000,599000,,699000,,500000,809000,409000,,,,,,,,,790000,465000,,210000,,825000,,,,825000,740000,,,399000,1150000,,1620000,,,665000,324950,,,,750000,590000,880000,,565000,660000,,780000,730000,,890000,,,369000,260000,385000,,,860000,,603900,,920000,680000,,449000,434000,570000,,169000,,,439000,,,,,535000,150000,220000,,750000,460000,995000,1220000,,,,,400000,,460000,700000,1078000,,500500,600600,416900,255000,270000,,640000,,,,,,,,343500,574500,,,,,1980000,,1330000,730000,,,265000,,,020000,1265000,,950000,,820000,,960000,1600000,109000,4000200,,,,,490500,,,600000,,,740000,,,,,,325000,,12000,255000,,290000,,420000,,,,,1850000,,,,,,250000,,,,330000,,,,,,,,105000,780000,549000,,1900000,570000,,1000000,,419500,,,130000,,,360000,465000,,,1250000,,,,,,,,314500,,,,,,,,,,,,,,550000,1397000,,,,,,,,,,,,,,,,1023000,,,,,,,,,,,,,,,,,,,,,,,,,,,,,,
,914000,818378,858000,470000,,649000,560000,600750,324500,1200000,555252,559569,520000,240000,97000,235000,,465000,,970000,645000,638000,549000,1975000,249000,385000,550000,770000,452660,409000,,480000,,725000,,9001000,260000,1000500,605000,560000,,461500,650750,460000,,750000,590000,,990000,425000,860000,680000,,389500,520650,,550000,720000,810000,308000,1280000,475000,,820000,483000,540000,1250000,2850000,699000,670000,2300000,399000,1060000,679000,,2600000,,,595000,900000,595300,600700,,,550000,500000,468000,,,360000,,,,2100000,600600,980000,3500000,,,140000,300000,590000,1100000,419900,620000,1650000,465000,750000,600000,599839,680000,2475000,639000,590000,120000,,699000,,,995000,1800000,,295000,250000,475000,289000,329719,,740000,,567214,930000,,622540,,638000,300000,460000,330000,480000,1250000,630250,,550000,780000,,,,1650000,1060000,195000,920000,1480000,,690000,665000,,490090,315000,,738400,2000000,715000,800000,,428285,515000,420000,600000,,740000,,426890,1700000,,210000,500660,600000,1100000,660000,599000,735000,,2000200,,,,610660,560000,1550000,,525000,273000,478210,608000,,,,479986,,480200,620000,,502650,550000,950000,,800000,935000,599000,880000,440000,180000,,499000,950000,440000,,760000,,484050,,395000,,187000,780000,1575000,640000,530000,,1100000,540000,1000900,,750000,1045000,,,,,535000,,,689000,570000,,565000,400000,520000,,545000,611200,896000,,445000,,,595000,485000,,660000,230000,2200000,,,1250000,529000,198500,,,,800900,375000,125000,385000,,447100,,523308,,,1150000,650000,,510000,,750000,,,,,491200,920000,380000,,483518,,380000,359000,480000,259000,516500,,990000,630000,388250,,377424,,11000,565990,770000,,,631900,495900,429734,495000,340000,625000,550500,675000,600000,195000,630000,625000,,1500000,400000,,,880000,,,483600,720000,1150000,,,,835000,790000,,552000,,,,349000,,,,490000,,1400000,,403150,440000,,690000,,,,569000,,649950,,630000,660000,,,,,460000,,260000,,655000,,,,1100000,536000,335000,1350000,,595000,,,,,,,350000,,1650000,,,,990000,,,155000,900000,,,2550000,,925000,2000500,679000,1500000,470000,,,,,430000,800800,,,640000,420000,,,,,,500600,,680000,,,,,,690000,,,,,,880000,,1350000,,,1298000,1200000,1800000,,1200000,195000,,660000,,,1250000,550000,,,,,,,,,,446000,,,,800000,,,,750000,310000,,,345000,,,,,,620000,304950,,,,,,1000000,,195000,,,610000,,,,,,,430000,795000,,,,,517000,,480000,,,1200000,1500000,825000,,,,,,,,,,900900,359000,,,,,570000,,,,,,,,,,,,,555000,,395000,,,,,,,,,,,292000,,,,,,2400000,,500000,,,,349000,,,,995000,,770000,,,,,1750000,,1100000,,,,,,,,,,,790000,,,,,,,,,365000,,315000,,,,,,,,,,,,,,,,,390000,,,,,,,,,1280000,,,1725000,,,,,,,,175000,,,,335000,,,,,,,,,,,,,,,,,,,,,,,,,,740000,,,,,,,,,,,,,,,,,,,,,,,,,,,,,,,,,,,,,,,,,,,,,,
,770000,584805,660000,600000,,395000,487870,650000,365000,1480000,487048,780000,600000,485000,,475000,,695000,,590000,,920000,,875000,620000,430000,1420000,800900,404180,390900,,320000,,1100000,,640000,419990,1450000,1950000,899000,,376300,570000,785000,,1850000,649000,,1025000,510000,1490000,620000,,235000,620000,,637900,,770000,410000,1095000,470000,,625000,559000,329000,880000,500500,,660000,1300000,1155000,1280000,949000,,,,,590000,616000,,,,,625000,335000,250000,,,360000,,,,2100000,640000,,1750000,,,,185000,475000,900000,340000,850000,1150000,399999,430000,660000,,730000,648000,600000,729000,102000,,,,695000,349000,489000,,295000,195000,410000,385000,362245,,,,,340000,,579500,,,635000,410000,990000,520000,700000,620250,,770000,960000,,,,435000,950000,240000,770000,825000,,,715000,,534800,375000,,677200,620000,2200000,935000,,601187,390000,719000,860000,,1100000,,413890,520000,,,550000,,500000,,,825000,,390000,,,,620720,460000,,,579000,155000,639000,588000,,,,300000,,529000,580000,,,330000,725000,,740000,930000,599000,639000,520000,960000,,610000,,580000,,,,413119,,622000,,,660000,385000,1000100,480000,,700000,700000,1400000,,438000,840000,,,,,400000,,,229000,595000,,695932,,790000,,535000,610000,1050000,,880000,,,579000,105000,,450000,260000,580000,,,875000,449000,367340,,,,700000,535000,880000,,,,,656462,,,,298000,,438000,,418000,,580000,,,,,478000,,562900,,,585000,,359000,,,,289000,414150,,332000,,1150000,744300,,,,700000,494900,353771,637619,300000,,550500,,560000,330000,670000,,,440000,600000,,,,,,488000,1200000,495000,,,,,,,521000,,,,349000,,,,430000,,1760000,,419550,,,,,,1080000,,,649000,,,610000,,,,,999000,,839000,,,,,,500600,,250000,,,,,,,,,,1425000,,970000,,,,,,,,,,,620000,,,,735000,289000,660000,,,,,,1500700,,,,539000,,,,,,,,825000,,,,,,,,,,,,,,375000,,,,1330000,,,884000,,,,,,,1195000,,,,,,,,,,410000,,,,770000,,,,,,,,275000,,,,,,979000,339000,,,,,,,,,,,,,,,,,,,449000,,,,,730000,,,,,450000,1100000,960000,,,,,,,,,,,775000,,,,,1250000,,,,,,,,,,,,,,,,,,,,,,,,,,462000,,,,,,,,1600000,,,,,,,,,,,,,,,360000,,1000300,,,,,,,,,,,,,,,,,,,,330000,,,,,,,,,,,,,,,,,,,,,,,,,,,,690000,,,,,,,,,,,155000,,,,255000,,,,,,,,,,,,,,,,,,,,,,,,,,,,,,,,,,,,,,,,,,,,,,,,,,,,,,,,,,,,,,,,,,,,,,,,
,770000,473700,860000,1012000,,373300,483260,640000,443400,1040000,486431,539900,484000,220000,,230000,,,,730000,,460000,,1175000,219000,410000,658900,700000,477000,590000,,460000,,680000,,750000,279000,1250000,,579000,,416000,691853,,,1955000,507800,,680000,,1075000,610000,,237000,398150,,866400,,745000,1400000,935000,510995,,,770000,,450000,710000,,,1200000,429000,1380000,,,,,,745000,700000,,,,,1250000,415000,749000,,,340000,,,,849000,750000,,1750000,,,,310000,530000,520000,449000,990000,1380000,439285,990000,77000,,760000,620000,699000,547000,,,,,499000,418000,,,670357,150000,410000,269000,270000,,,,,,,618540,,,560000,330000,770000,1298000,770000,1320000,,798000,855000,,,,395000,,225000,,9001300,,,680000,,538800,440000,,580000,1250000,940000,1000000,,497300,533500,790000,,,1089000,,469430,1210000,,,410000,,,,,929000,,400400,,,,480530,460000,,,,765000,339900,558000,,,,508080,,395000,830000,,,506000,,,710000,1175000,689000,630000,429000,405000,,330000,,,,,,479970,,1045000,,,495000,720000,1250000,550000,,790000,595000,2600000,,275000,680000,,,,,535000,,,,870000,,615000,,682000,,,602200,800000,,,,,540000,440000,,420000,385000,600000,,,770000,119000,389700,,,,505000,450000,,,,,,15000,,,,,,497060,,550000,,,,,,,,,690000,,,660000,,269000,,,,362055,457806,,329235,,,374230,,,,549900,471545,,658000,410000,,633800,,607500,,390000,,,820000,,,,,,,496600,,389000,,,,,,,469972,,,,,,,,450000,,585000,,443850,,,,,,439500,,,603060,,,465000,,,,,360000,,,,,,,,,,,,,,,,,,,,429000,,425000,,,,,,,,,,,,,,,1400000,780000,645000,,,,,,450500,,,,410000,,,,,,,,,,,,,,,,,,,,,,,,,,1200000,,,,,,,,,,650000,,,,,,,,,,,,,,990000,,,,,,,,319000,,,,,,770000,,,,,,,,,,,,,,,,,,,,,,,,,880000,,,,,1200000,,710000,,,,,,,,,,,,,,,,,,,,,,,,,,,,,,,,,,,,,,,,,,472000,,,,,,,,3100000,,,,,,,,,,,,,,,,,,,,,,,,,,,,,,,,,,,,,355000,,,,,,,,,,,,,,,,,,,,,,,,,,,,,,,,,,,,,,,155000,,,,,,,,,,,,,,,,,,,,,,,,,,,,,,,,,,,,,,,,,,,,,,,,,,,,,,,,,,,,,,,,,,,,,,,,,,,,
,,750000,,780000,,457000,530000,580000,583000,1300000,502939,600000,541575,368000,,299000,,,,620000,,,,1125000,330000,,760000,660000,435845,639000,,460000,,,,,,1300000,,,,365300,464000,,,,497800,,540000,,915000,760000,,250000,630000,,357500,,850000,410000,1695000,429991,,,409000,,1350000,945000,,,1040000,625000,379000,,,,,,755000,630000,,,,,660000,385000,390000,,,,,,,,850000,,1200000,,,,,,1350000,445000,1080000,495000,429000,410000,517000,,276000,580000,829900,593864,,,,,,369000,,,1450000,210000,599000,480230,,,,,,,,618540,,,1400000,460000,1150000,665000,,474900,,770000,755000,,,,395000,,188000,,1090000,,,748000,,878300,500000,,522590,3100000,860000,770000,,675900,,583819,,,590000,,467120,790000,,,,,,,,930000,,775000,,,,616500,560000,,,,245000,309000,588000,,,,,,599000,590000,,,275000,,,,990000,279000,665000,2200000,775000,,525000,,,,,,501739,,1500000,,,720000,940000,880000,370000,,1600000,,1450000,,450000,305000,,,,,412000,,,,,,678500,,1700600,,,563000,9001000,,,,,2250000,,,680000,345000,620000,,,1800000,,345800,,,,795000,490000,,,,,,589900,,,,,,463630,,580000,,,,,,,,,,,,660000,,269000,,,,290000,519000,,430000,,440000,374230,,,,512400,543600,,570500,345000,,298000,,476700,,869900,,,825000,,,,,,,640000,,459000,,,,,,,449681,,,,,,,,,,1200000,,404650,,,,,,679500,,,1168000,,,1150000,,,,,,,,,,,,,,,,,,,,,,,,,,,925000,,,,,,,,,,,,,,,,545400,561000,,,,,,545000,,,,450000,,,,,,,,,,,,,,,,,,,,,,,,,,,,,,,,,,,,,,,,,,,,,,,,,,,,,,,,,,240000,,,,,,715000,,,,,,,,,,,,,,,,,,,,,,,,,920000,,,,,,,890000,,,,,,,,,,,,,,,,,,,,,,,,,,,,,,,,,,,,,,,,,,,,,,,,,,1490000,,,,,,,,,,,,,,,,,850000,,,,,,,,,,,,,,,,,,,,330000,,,,,,,,,,,,,,,,,,,,,,,,,,,,,,,,,,,,,,,155000,,,,,,,,,,,,,,,,,,,,,,,,,,,,,,,,,,,,,,,,,,,,,,,,,,,,,,,,,,,,,,,,,,,,,,,,,,,,
,,455000,,990000,,697500,579900,,299500,860000,,750600,505000,649000,,499000,,,,470000,,,,249000,350000,,847000,860000,249000,548900,,509900,,,,,,1750000,,,,431458,490000,,,,640000,,480000,,,570000,,237000,650000,,476014,,870000,,764000,495000,,,,,1750000,570000,,,1800000,1500200,,,,,,,,800000,,,,,415000,625000,1300000,,,,,,,,,,1275000,,,,,,,389900,1200000,650000,438310,755000,1188000,,488900,1800000,249000,649000,,,,,,349000,,,418563,210000,380000,329000,,,,,,,,618540,,,,450000,760000,510000,,1200000,,1100000,930000,,,,468000,,365000,,880000,,,515000,,604300,,,532385,760000,,,,650000,,590000,,,580670,,504120,580000,,,,,,,,,,700000,,,,599495,,,,,1200000,539000,749000,,,,,,700667,690000,,,490000,,,,15000,699000,519000,,,,410000,,,,,,529000,,,,,522500,900900,650000,530000,,,,880000,,1300000,742500,,,,,520000,,,,,,652500,,,,,562000,600000,,,,,1200000,,,625000,430000,,,,820000,,170000,,,,600000,350000,,,,,,745900,,,,,,510000,,570000,,,,,,,,,,,,690000,,379000,,,,495000,,,305045,,,374230,,,,559100,,,,,,300000,,550000,,750000,,,9001700,,,,,,,459000,,,,,,,,,473900,,,,,,,,,,,,435350,,,,,,655000,,,700000,,,2495000,,,,,,,,,,,,,,,,,,,,,,,,,,,600600,,,,,,,,,,,,,,,,1150000,660000,,,,,,,,,,439000,,,,,,,,,,,,,,,,,,,,,,,,,,,,,,,,,,,,,,,,,,,,,,,,,,,,,,,,,,490000,,,,,,720000,,,,,,,,,,,,,,,,,,,,,,,,,,,,,,,,619950,,,,,,,,,,,,,,,,,,,,,,,,,,,,,,,,,,,,,,,,,,,,,,,,,,,,,,,,,,,,,,,,,,,,,,,,,,,,,,,,,,,,,,,240000,,,,,,,,,,,,,,,,,,,,,,,,,,,,,,,,,,,,,,,135000,,,,,,,,,,,,,,,,,,,,,,,,,,,,,,,,,,,,,,,,,,,,,,,,,,,,,,,,,,,,,,,,,,,,,,,,,,,,
,,455000,,385000,,549500,565000,,230000,680000,,874500,434500,,,116000,,,,470000,,,,2400000,360000,,840000,750000,,,,496900,,,,,,2300000,,,,407758,501000,,,,970000,,670000,,,460000,,230000,483900,,695000,,869000,,1150000,546000,,,,,680000,1025000,,,1155000,,,,,,,,,450000,,,,,620000,625000,,,,,,,,,,,1474000,,,,,,,,1200000,620000,388310,620000,990000,,459700,550000,890000,510000,,,,,473000,350000,,,433607,440000,,588900,,,,,,,,880000,,,,260000,640000,695000,,458800,,950000,630000,,,,530000,,360000,,,,,520000,,520000,,,,,,,,535700,,,,,620000,,604500,550000,,,,,,,,,,670000,,,,534704,,,,,,379000,449500,,,,,,614000,600000,,,770000,,,,2890000,,590000,,,,580000,,,,,,396320,,,,,510000,,975000,469900,,,,,,,,,,,,850000,,,,,,697000,,,,,713373,680000,,,,,,,,900000,,,,,1340000,,548000,,,,815000,,,,,,,589900,,,,,,400000,,580000,,,,,,,,,,,,449000,,249000,,,,105000,,,,,,541700,,,,,,,,,,553500,,600750,,,,,625000,,,,,,,,,,,,,,,,459000,,,,,,,,,,,,456130,,,,,,820000,,,561716,,,860000,,,,,,,,,,,,,,,,,,,,,,,,,,,610000,,,,,,,,,,,,,,,,,869000,,,,,,,,,,479000,,,,,,,,,,,,,,,,,,,,,,,,,,,,,,,,,,,,,,,,,,,,,,,,,,,,,,,,,,425000,,,,,,620000,,,,,,,,,,,,,,,,,,,,,,,,,,,,,,,,930000,,,,,,,,,,,,,,,,,,,,,,,,,,,,,,,,,,,,,,,,,,,,,,,,,,,,,,,,,,,,,,,,,,,,,,,,,,,,,,,,,,,,,,,315000,,,,,,,,,,,,,,,,,,,,,,,,,,,,,,,,,,,,,,,135000,,,,,,,,,,,,,,,,,,,,,,,,,,,,,,,,,,,,,,,,,,,,,,,,,,,,,,,,,,,,,,,,,,,,,,,,,,,,
,,455000,,500000,,,700000,,,748000,,940000,,,,115000,,,,,,,,980000,795000,,770000,800800,,,,910000,,,,,,320000,,,,,548000,,,,530785,,,,,660000,,421355,582900,,795000,,484000,,659000,470424,,,,,630000,,,,1925000,,,,,,,,,730000,,,,,,379000,,,,,,,,,,,,,,,,,,,,950000,470910,825000,530000,,580000,1350000,490000,649530,,,,,,,,,430952,55000,,569000,,,,,,,,810000,,,,,,,,625000,,,1080000,,,,250000,,328000,,,,,779000,,530000,,,,,,,,667600,,,,,840000,,495500,,,,,,,,,,,730000,,,,580000,,,,,,399000,403500,,,,,,735000,400500,,,480000,,,,1320000,,325000,,,,,,,,,,599088,,,,,759000,,,,,,,,,,,,,,,530000,,,,,,25000,,,,,718000,,,,,,,,,620000,,,,,3600000,,255000,,,,660000,,,,,,,616900,,,,,,483515,,670000,,,,,,,,,,,,690000,,235000,,,,,,,,,,,,,,,,,,,,553500,,580000,,,,,,,,,,,,,,,,,,,,,,,,,,,,,,,,,430000,,,,,,438000,,,,,,,,,,,,,,,,,,,,,,,,,,,,,,,,,410000,,,,,,,,,,,,,,,,,700000,,,,,,,,,,429000,,,,,,,,,,,,,,,,,,,,,,,,,,,,,,,,,,,,,,,,,,,,,,,,,,,,,,,,,,,,,,,,1045000,,,,,,,,,,,,,,,,,,,,,,,,,,,,,,,,880000,,,,,,,,,,,,,,,,,,,,,,,,,,,,,,,,,,,,,,,,,,,,,,,,,,,,,,,,,,,,,,,,,,,,,,,,,,,,,,,,,,,,,,,,,,,,,,,,,,,,,,,,,,,,,,,,,,,,,,,,,,,,,,155000,,,,,,,,,,,,,,,,,,,,,,,,,,,,,,,,,,,,,,,,,,,,,,,,,,,,,,,,,,,,,,,,,,,,,,,,,,,,
,,640000,,1020000,,,470000,,,,,600750,,,,116000,,,,,,,,770000,335000,,880000,,,,,467000,,,,,,,,,,,485000,,,,640000,,,,,930000,,,538900,,380000,,890000,,460000,229000,,,,,,,,,2500000,,,,,,,,,630000,,,,,,699000,,,,,,,,,,,,,,,,,,,,,448910,330000,440000,,600700,595000,,454750,,,,,,,,,,830000,,369000,,,,,,,,627300,,,,,,,,635000,,,600000,,,,,,438000,,,,,,,640000,,,,,,,,552408,,,,,740000,,608000,,,,,,,,,,,610000,,,,484950,,,,,,410000,616000,,,,,,,590000,,,297000,,,,,,305000,,,,,,,,,,399720,,,,,680000,,,450000,,,,,,,,,,,,660000,,,,,,,,,,,1300000,,,,,,,,,480000,,,,,,,400000,,,,,,,,,,,609900,,,,,,425000,,638000,,,,,,,,,,,,600000,,385000,,,,,,,,,,,,,,,,,,,,553500,,,,,,,,,,,,,,,,,,,,,,,,,,,,,,,,,,,,,,,,,,,,,,,,,,,,,,,,,,,,,,,,,,,,,,,,,,500000,,,,,,,,,,,,,,,,,640000,,,,,,,,,,512487,,,,,,,,,,,,,,,,,,,,,,,,,,,,,,,,,,,,,,,,,,,,,,,,,,,,,,,,,,,,,,,,,,,,,,,,,,,,,,,,,,,,,,,,,,,,,,,,,,,,,,,,,,,,,,,,,,,,,,,,,,,,,,,,,,,,,,,,,,,,,,,,,,,,,,,,,,,,,,,,,,,,,,,,,,,,,,,,,,,,,,,,,,,,,,,,,,,,,,,,,,,,,,,,,,,,,,,,,,,,,,155000,,,,,,,,,,,,,,,,,,,,,,,,,,,,,,,,,,,,,,,,,,,,,,,,,,,,,,,,,,,,,,,,,,,,,,,,,,,,
,,630000,,510000,,,690000,,,,,597450,,,,299000,,,,,,,,,339000,,495000,,,,,680000,,,,,,,,,,,480000,,,,,,,,,675000,,,553900,,726400,,900000,,,,,,,,,,,,1045000,,,,,,,,,860000,,,,,,579000,,,,,,,,,,,,,,,,,,,,,541000,800000,290000,,538400,530000,,480000,,,,,,,,,,289000,,469000,,,,,,,,824900,,,,,,,,400000,,,360000,,,,,,412000,,,,,,,539000,,,,,,,,580000,,,,,,,495410,,,,,,,,,,,580000,,,,484950,,,,,,425000,549900,,,,,,,660000,,,510000,,,,680000,,,,,,,,,,,,265000,,,,,600700,,,759900,,,,,,,,,,,,495000,,,,,,455972,,,,,789000,,,,,,,,,430000,,,,,,,,,,,,,,,,,,390705,,,,,,390000,,,,,,,,,,,,,,,,185000,,,,,,,,,,,,,,,,,,,,553500,,,,,,,,,,,,,,,,,,,,,,,,,,,,,,,,,,,,,,,,,,,,,,,,,,,,,,,,,,,,,,,,,,,,,,,,,,950000,,,,,,,,,,,,,,,,,680000,,,,,,,,,,519724,,,,,,,,,,,,,,,,,,,,,,,,,,,,,,,,,,,,,,,,,,,,,,,,,,,,,,,,,,,,,,,,,,,,,,,,,,,,,,,,,,,,,,,,,,,,,,,,,,,,,,,,,,,,,,,,,,,,,,,,,,,,,,,,,,,,,,,,,,,,,,,,,,,,,,,,,,,,,,,,,,,,,,,,,,,,,,,,,,,,,,,,,,,,,,,,,,,,,,,,,,,,,,,,,,,,,,,,,,,,,,155000,,,,,,,,,,,,,,,,,,,,,,,,,,,,,,,,,,,,,,,,,,,,,,,,,,,,,,,,,,,,,,,,,,,,,,,,,,,,
,,535000,,1850000,,,575997,,,,,660000,,,,210000,,,,,,,,,695000,,360000,,,,,428810,,,,,,,,,,,480000,,,,,,,,,845000,,,600000,,880000,,1101592,,,,,,,,,,,,1100000,,,,,,,,,765000,,,,,,309000,,,,,,,,,,,,,,,,,,,,,615000,660000,750000,,540700,330000,,530000,,,,,,,,,,169000,,299000,,,,,,,,525000,,,,,,,,620000,,,690000,,,,,,603000,,,,,,,,,,,,,,,548485,,,,,,,495410,,,,,,,,,,,580000,,,,499900,,,,,,400400,573900,,,,,,,,,,,,,,1650000,,,,,,,,,,,,589500,,,,,525000,,,630000,,,,,,,,,,,,,,,,,,,,,,,689900,,,,,,,,,580000,,,,,,,,,,,,,,,,,,420242,,,,,,478091,,,,,,,,,,,,,,,,,,,,,,,,,,,,,,,,,,,,615000,,,,,,,,,,,,,,,,,,,,,,,,,,,,,,,,,,,,,,,,,,,,,,,,,,,,,,,,,,,,,,,,,,,,,,,,,,,,,,,,,,,,,,,,,,,764500,,,,,,,,,,509613,,,,,,,,,,,,,,,,,,,,,,,,,,,,,,,,,,,,,,,,,,,,,,,,,,,,,,,,,,,,,,,,,,,,,,,,,,,,,,,,,,,,,,,,,,,,,,,,,,,,,,,,,,,,,,,,,,,,,,,,,,,,,,,,,,,,,,,,,,,,,,,,,,,,,,,,,,,,,,,,,,,,,,,,,,,,,,,,,,,,,,,,,,,,,,,,,,,,,,,,,,,,,,,,,,,,,,,,,,,,,,175000,,,,,,,,,,,,,,,,,,,,,,,,,,,,,,,,,,,,,,,,,,,,,,,,,,,,,,,,,,,,,,,,,,,,,,,,,,,,
,,535000,,415000,,,500600,,,,,750000,,,,420000,,,,,,,,,350000,,627000,,,,,550000,,,,,,,,,,,600600,,,,,,,,,480000,,,634600,,582000,,,,,,,,,,,,,,2700000,,,,,,,,,1150000,,,,,,,,,,,,,,,,,,,,,,,,,,,620000,570000,700000,,635000,850000,,275000,,,,,,,,,,,,249000,,,,,,,,525000,,,,,,,,499900,,,,,,,,,286000,,,,,,,,,,,,,,,523985,,,,,,,680000,,,,,,,,,,,840000,,,,593000,,,,,,435000,534900,,,,,,,,,,,,,,695000,,,,,,,,,,,,265000,,,,,650000,,,590000,,,,,,,,,,,,,,,,,,,,,,,709823,,,,,,,,,,,,,,,,,,,,,,,,,,,297000,,,,,,712288,,,,,,,,,,,,,,,,,,,,,,,,,,,,,,,,,,,,489800,,,,,,,,,,,,,,,,,,,,,,,,,,,,,,,,,,,,,,,,,,,,,,,,,,,,,,,,,,,,,,,,,,,,,,,,,,,,,,,,,,,,,,,,,,,,,,,,,,,,,553847,,,,,,,,,,,,,,,,,,,,,,,,,,,,,,,,,,,,,,,,,,,,,,,,,,,,,,,,,,,,,,,,,,,,,,,,,,,,,,,,,,,,,,,,,,,,,,,,,,,,,,,,,,,,,,,,,,,,,,,,,,,,,,,,,,,,,,,,,,,,,,,,,,,,,,,,,,,,,,,,,,,,,,,,,,,,,,,,,,,,,,,,,,,,,,,,,,,,,,,,,,,,,,,,,,,,,,,,,,,,,,160000,,,,,,,,,,,,,,,,,,,,,,,,,,,,,,,,,,,,,,,,,,,,,,,,,,,,,,,,,,,,,,,,,,,,,,,,,,,,
,,529950,,770000,,,,,,,,620000,,,,309000,,,,,,,,,240000,,,,,,,345000,,,,,,,,,,,500500,,,,,,,,,,,,654000,,555000,,,,,,,,,,,,,,,,,,,,,,,526425,,,,,,,,,,,,,,,,,,,,,,,,,,,554140,550000,,,561820,,,400000,,,,,,,,,,,,,,,,,,,,525000,,,,,,,,1250000,,,,,,,,,383900,,,,,,,,,,,,,,,483685,,,,,,,280000,,,,,,,,,,,715000,,,,610777,,,,,,,512681,,,,,,,,,,,,,,750000,,,,,,,,,,,,,,,,,,,,560000,,,,,,,,,,,,,,,,,,,,,,,761300,,,,,,,,,,,,,,,,,,,,,,,,,,,490000,,,,,,504999,,,,,,,,,,,,,,,,,,,,,,,,,,,,,,,,,,,,492800,,,,,,,,,,,,,,,,,,,,,,,,,,,,,,,,,,,,,,,,,,,,,,,,,,,,,,,,,,,,,,,,,,,,,,,,,,,,,,,,,,,,,,,,,,,,,,,,,,,,,,,,,,,,,,,,,,,,,,,,,,,,,,,,,,,,,,,,,,,,,,,,,,,,,,,,,,,,,,,,,,,,,,,,,,,,,,,,,,,,,,,,,,,,,,,,,,,,,,,,,,,,,,,,,,,,,,,,,,,,,,,,,,,,,,,,,,,,,,,,,,,,,,,,,,,,,,,,,,,,,,,,,,,,,,,,,,,,,,,,,,,,,,,,,,,,,,,,,,,,,,,,,,,,,,,,,,,,,,,,,,,170000,,,,,,,,,,,,,,,,,,,,,,,,,,,,,,,,,,,,,,,,,,,,,,,,,,,,,,,,,,,,,,,,,,,,,,,,,,,,
,,462900,,,,,,,,,,1800000,,,,350000,,,,,,,,,420000,,,,,,,,,,,,,,,,,,531200,,,,,,,,,,,,395600,,560804,,,,,,,,,,,,,,,,,,,,,,,700000,,,,,,,,,,,,,,,,,,,,,,,,,,,,600000,349000,,549378,,,444850,,,,,,,,,,,,,,,,,,,,690000,,,,,,,,600600,,,,,,,,,247500,,,,,,,,,,,,,,,519000,,,,,,,540000,,,,,,,,,,,930000,,,,,,,,,,,830000,,,,,,,,,,,,,,1280000,,,,,,,,,,,,,,,,,,,,,,,,,,,,,,,,,,,,,,,,,,,769700,,,,,,,,,,,,,,,,,,,,,,,,,,,429000,,,,,,516500,,,,,,,,,,,,,,,,,,,,,,,,,,,,,,,,,,,,492800,,,,,,,,,,,,,,,,,,,,,,,,,,,,,,,,,,,,,,,,,,,,,,,,,,,,,,,,,,,,,,,,,,,,,,,,,,,,,,,,,,,,,,,,,,,,,,,,,,,,,,,,,,,,,,,,,,,,,,,,,,,,,,,,,,,,,,,,,,,,,,,,,,,,,,,,,,,,,,,,,,,,,,,,,,,,,,,,,,,,,,,,,,,,,,,,,,,,,,,,,,,,,,,,,,,,,,,,,,,,,,,,,,,,,,,,,,,,,,,,,,,,,,,,,,,,,,,,,,,,,,,,,,,,,,,,,,,,,,,,,,,,,,,,,,,,,,,,,,,,,,,,,,,,,,,,,,,,,,,,,,,,,,,,,,,,,,,,,,,,,,,,,,,,,,,,,,,,,,,,,,,,,,,,,,,,,,,,,,,,,,,,,,,,,,,,,,,,,,,
,,529950,,,,,,,,,,819409,,,,310000,,,,,,,,,369000,,,,,,,,,,,,,,,,,,710000,,,,,,,,,,,,505700,,700000,,,,,,,,,,,,,,,,,,,,,,,950000,,,,,,,,,,,,,,,,,,,,,,,,,,,,570000,649950,,720000,,,245000,,,,,,,,,,,,,,,,,,,,1155000,,,,,,,,820000,,,,,,,,,,,,,,,,539086,,,,,,,,,,,,,,,,,,,,,,,,,,795000,,,,,,,,,,,561763,,,,,,,,,,,,,,870000,,,,,,,,,,,,,,,,,,,,,,,,,,,,,,,,,,,,,,,,,,,825400,,,,,,,,,,,,,,,,,,,,,,,,,,,482500,,,,,,440500,,,,,,,,,,,,,,,,,,,,,,,,,,,,,,,,,,,,492800,,,,,,,,,,,,,,,,,,,,,,,,,,,,,,,,,,,,,,,,,,,,,,,,,,,,,,,,,,,,,,,,,,,,,,,,,,,,,,,,,,,,,,,,,,,,,,,,,,,,,,,,,,,,,,,,,,,,,,,,,,,,,,,,,,,,,,,,,,,,,,,,,,,,,,,,,,,,,,,,,,,,,,,,,,,,,,,,,,,,,,,,,,,,,,,,,,,,,,,,,,,,,,,,,,,,,,,,,,,,,,,,,,,,,,,,,,,,,,,,,,,,,,,,,,,,,,,,,,,,,,,,,,,,,,,,,,,,,,,,,,,,,,,,,,,,,,,,,,,,,,,,,,,,,,,,,,,,,,,,,,,,,,,,,,,,,,,,,,,,,,,,,,,,,,,,,,,,,,,,,,,,,,,,,,,,,,,,,,,,,,,,,,,,,,,,,,,,,,,
,,452700,,,,,,,,,,880000,,,,298000,,,,,,,,,,,,,,,,,,,,,,,,,,,450000,,,,,,,,,,,,487883,,530000,,,,,,,,,,,,,,,,,,,,,,,490000,,,,,,,,,,,,,,,,,,,,,,,,,,,,660000,830000,,740000,,,1550000,,,,,,,,,,,,,,,,,,,,,,,,,,,,540450,,,,,,,,,,,,,,,,,,,,,,,,,,,,,,,,,,,,,,,,,,,,,,,,,,,,,481379,,,,,,,,,,,,,,885000,,,,,,,,,,,,,,,,,,,,,,,,,,,,,,,,,,,,,,,,,,,850000,,,,,,,,,,,,,,,,,,,,,,,,,,,504050,,,,,,398150,,,,,,,,,,,,,,,,,,,,,,,,,,,,,,,,,,,,,,,,,,,,,,,,,,,,,,,,,,,,,,,,,,,,,,,,,,,,,,,,,,,,,,,,,,,,,,,,,,,,,,,,,,,,,,,,,,,,,,,,,,,,,,,,,,,,,,,,,,,,,,,,,,,,,,,,,,,,,,,,,,,,,,,,,,,,,,,,,,,,,,,,,,,,,,,,,,,,,,,,,,,,,,,,,,,,,,,,,,,,,,,,,,,,,,,,,,,,,,,,,,,,,,,,,,,,,,,,,,,,,,,,,,,,,,,,,,,,,,,,,,,,,,,,,,,,,,,,,,,,,,,,,,,,,,,,,,,,,,,,,,,,,,,,,,,,,,,,,,,,,,,,,,,,,,,,,,,,,,,,,,,,,,,,,,,,,,,,,,,,,,,,,,,,,,,,,,,,,,,,,,,,,,,,,,,,,,,,,,,,,,,,,,,,,,,,,,,
,,576100,,,,,,,,,,569950,,,,,,,,,,,,,,,,,,,,,,,,,,,,,,,483954,,,,,,,,,,,,593900,,730000,,,,,,,,,,,,,,,,,,,,,,,,,,,,,,,,,,,,,,,,,,,,,,,,,,,670000,,,600000,,,,,,,,,,,,,,,,,,,,,,,,,,,,,,,660000,,,,,,,,,,,,,,,,,,,399000,,,,,,,,,,,,,,,,,,,,,,,,,,,,,,,,,,485402,,,,,,,,,,,,,,710000,,,,,,,,,,,,,,,,,,,,,,,,,,,,,,,,,,,,,,,,,,,,,,,,,,,,,,,,,,,,,,,,,,,,,,580000,,,,,,525912,,,,,,,,,,,,,,,,,,,,,,,,,,,,,,,,,,,,,,,,,,,,,,,,,,,,,,,,,,,,,,,,,,,,,,,,,,,,,,,,,,,,,,,,,,,,,,,,,,,,,,,,,,,,,,,,,,,,,,,,,,,,,,,,,,,,,,,,,,,,,,,,,,,,,,,,,,,,,,,,,,,,,,,,,,,,,,,,,,,,,,,,,,,,,,,,,,,,,,,,,,,,,,,,,,,,,,,,,,,,,,,,,,,,,,,,,,,,,,,,,,,,,,,,,,,,,,,,,,,,,,,,,,,,,,,,,,,,,,,,,,,,,,,,,,,,,,,,,,,,,,,,,,,,,,,,,,,,,,,,,,,,,,,,,,,,,,,,,,,,,,,,,,,,,,,,,,,,,,,,,,,,,,,,,,,,,,,,,,,,,,,,,,,,,,,,,,,,,,,,,,,,,,,,,,,,,,,,,,,,,,,,,,,,,,,,,,,
,,525539,,,,,454900,,,,,569950,,,,,,,,,,,,,,,,,,,,,,,,,,,,,,,395481,,,,,,,,,,,,507390,,415000,,,,,,,,,,,,,,,,,,,,,,,,,,,,,,,,,,,,,,,,,,,,,,,,,,,610000,,,400590,,,,,,,,,,,,,,,,,,,,,,,,,,,,,,,760000,,,,,,,,,,,,,,,,,,,,,,,,,,,,,,,,,,,,,,,,,,,,,,,,,,,,,453500,,,,,,,,,,,,,,,,,,,,,,,,,,,,,,,,,,,,,,,,,,,,,,,,,,,,,,,,,,,,,,,,,,,,,,,,,,,,,,,,,,,,488407,,,,,,430000,,,,,,,,,,,,,,,,,,,,,,,,,,,,,,,,,,,,,,,,,,,,,,,,,,,,,,,,,,,,,,,,,,,,,,,,,,,,,,,,,,,,,,,,,,,,,,,,,,,,,,,,,,,,,,,,,,,,,,,,,,,,,,,,,,,,,,,,,,,,,,,,,,,,,,,,,,,,,,,,,,,,,,,,,,,,,,,,,,,,,,,,,,,,,,,,,,,,,,,,,,,,,,,,,,,,,,,,,,,,,,,,,,,,,,,,,,,,,,,,,,,,,,,,,,,,,,,,,,,,,,,,,,,,,,,,,,,,,,,,,,,,,,,,,,,,,,,,,,,,,,,,,,,,,,,,,,,,,,,,,,,,,,,,,,,,,,,,,,,,,,,,,,,,,,,,,,,,,,,,,,,,,,,,,,,,,,,,,,,,,,,,,,,,,,,,,,,,,,,,,,,,,,,,,,,,,,,,,,,,,,,,,,,,,,,,,,,
,,570000,,,,,,,,,,569950,,,,,,,,,,,,,,,,,,,,565000,,,,,,,,,,,520000,,,,,,,,,,,,542985,,890000,,,,,,,,,,,,,,,,,,,,,,,,,,,,,,,,,,,,,,,,,,,,,,,,,,,459000,,,770000,,,,,,,,,,,,,,,,,,,,,,,,,,,,,,,,,,,,,,,,,,,,,,,,,,,,,,,,,,,,,,,,,,,,,,,,,,,,,,,,,,,,452366,,,,,,,,,,,,,,,,,,,,,,,,,,,,,,,,,,,,,,,,,,,,,,,,,,,,,,,,,,,,,,,,,,,,,,,,,,,,,,,,,,,,609900,,,,,,,,,,,,,,,,,,,,,,,,,,,,,,,,,,,,,,,,,,,,,,,,,,,,,,,,,,,,,,,,,,,,,,,,,,,,,,,,,,,,,,,,,,,,,,,,,,,,,,,,,,,,,,,,,,,,,,,,,,,,,,,,,,,,,,,,,,,,,,,,,,,,,,,,,,,,,,,,,,,,,,,,,,,,,,,,,,,,,,,,,,,,,,,,,,,,,,,,,,,,,,,,,,,,,,,,,,,,,,,,,,,,,,,,,,,,,,,,,,,,,,,,,,,,,,,,,,,,,,,,,,,,,,,,,,,,,,,,,,,,,,,,,,,,,,,,,,,,,,,,,,,,,,,,,,,,,,,,,,,,,,,,,,,,,,,,,,,,,,,,,,,,,,,,,,,,,,,,,,,,,,,,,,,,,,,,,,,,,,,,,,,,,,,,,,,,,,,,,,,,,,,,,,,,,,,,,,,,,,,,,,,,,,,,,,,,,,,,,
480000,,,,,,,,,,,,190000,,,,,,,,,,,,,,,,,,,,,,,,,,,,,,,430685,,,,,,,,,,,,496285,,395000,,,,,,,,,,,,,,,,,,,,,,,,,,,,,,,,,,,,,,,,,,,,,,,,,,,630000,,,500500,,,,,,,,,,,,,,,,,,,,,,,,,,,,,,,,,,,,,,,,,,,,,,,,,,,,,,,,,,,,,,,,,,,,,,,,,,,,,,,,,,,,567180,,,,,,,,,,,,,,,,,,,,,,,,,,,,,,,,,,,,,,,,,,,,,,,,,,,,,,,,,,,,,,,,,,,,,,,,,,,,,,,,,,,,,,,,,,,,,,,,,,,,,,,,,,,,,,,,,,,,,,,,,,,,,,,,,,,,,,,,,,,,,,,,,,,,,,,,,,,,,,,,,,,,,,,,,,,,,,,,,,,,,,,,,,,,,,,,,,,,,,,,,,,,,,,,,,,,,,,,,,,,,,,,,,,,,,,,,,,,,,,,,,,,,,,,,,,,,,,,,,,,,,,,,,,,,,,,,,,,,,,,,,,,,,,,,,,,,,,,,,,,,,,,,,,,,,,,,,,,,,,,,,,,,,,,,,,,,,,,,,,,,,,,,,,,,,,,,,,,,,,,,,,,,,,,,,,,,,,,,,,,,,,,,,,,,,,,,,,,,,,,,,,,,,,,,,,,,,,,,,,,,,,,,,,,,,,,,,,,,,,,,,,,,,,,,,,,,,,,,,,,,,,,,,,,,,,,,,,,,,,,,,,,,,,,,,,,,,,,,,,,,,,,,,,,,,,,,,,,,,,,,,,,,
,,850000,,,,,,,,,,600000,630000,,,,,,,,,,,,,,,,,,,,,,,,,,,,,,400500,,,,,,,,,,,,,,,,,,,,,,,,,,,,,,,,,,,,,,,,,,,,,,,,,,,,,,,,,,,,,,,,,748000,,,,,,,,,,,,,,,,,,,,,,,,,,,,,,,,,,,,,,,,,,,,,,,,,,,,,,,,,,,,,,,,,,,,,,,,,,,,,,,,,,,,,,,,,,,,,,,,,,,,,,,,,,,,,,,,,,,,,,,,,,,,,,,,,,,,,,,,,,,,,,,,,,,,,,,,,,,,,,,,,,,,,,,,,,,,,,,,,,,,,,,,,,,,,,,,,,,,,,,,,,,,,,,,,,,,,,,,,,,,,,,,,,,,,,,,,,,,,,,,,,,,,,,,,,,,,,,,,,,,,,,,,,,,,,,,,,,,,,,,,,,,,,,,,,,,,,,,,,,,,,,,,,,,,,,,,,,,,,,,,,,,,,,,,,,,,,,,,,,,,,,,,,,,,,,,,,,,,,,,,,,,,,,,,,,,,,,,,,,,,,,,,,,,,,,,,,,,,,,,,,,,,,,,,,,,,,,,,,,,,,,,,,,,,,,,,,,,,,,,,,,,,,,,,,,,,,,,,,,,,,,,,,,,,,,,,,,,,,,,,,,,,,,,,,,,,,,,,,,,,,,,,,,,,,,,,,,,,,,,,,,,,,,,,,,,,,,,,,,,,,,,,,,,,,,,,,,,,,,,,,,,,,,,,,,,,,,,,,,,,,,,,,,,,,,,,,,,,,,,,,,,,,,,,,,,
,,680000,,,,,,,470400,,,870000,,,,,,,,,,,,,,,,,,,,,,,,,,,,,,,,,,,,,,,,,,,,,,,,,,,,,,,,,,,,,,,,,,,,,,,,,,,,,,,,,,,,,,,,,,,,,,,,2400000,,,,,,,,,,,,,,,,,,,,,,,,,,,,,,,,,,,,,,,,,,,,,,,,,,,,,,,,,,,,,,,,,,,,,,,,,,,,,,,,,,,,,,,,,,,,,,,,,,,,,,,,,,,,,,,,,,,,,,,,,,,,,,,,,,,,,,,,,,,,,,,,,,,,,,,,,,,,,,,,,,,,,,,,,,,,,,,,,,,,,,,,,,,,,,,,,,,,,,,,,,,,,,,,,,,,,,,,,,,,,,,,,,,,,,,,,,,,,,,,,,,,,,,,,,,,,,,,,,,,,,,,,,,,,,,,,,,,,,,,,,,,,,,,,,,,,,,,,,,,,,,,,,,,,,,,,,,,,,,,,,,,,,,,,,,,,,,,,,,,,,,,,,,,,,,,,,,,,,,,,,,,,,,,,,,,,,,,,,,,,,,,,,,,,,,,,,,,,,,,,,,,,,,,,,,,,,,,,,,,,,,,,,,,,,,,,,,,,,,,,,,,,,,,,,,,,,,,,,,,,,,,,,,,,,,,,,,,,,,,,,,,,,,,,,,,,,,,,,,,,,,,,,,,,,,,,,,,,,,,,,,,,,,,,,,,,,,,,,,,,,,,,,,,,,,,,,,,,,,,,,,,,,,,,,,,,,,,,,,,,,,,,,,,,,,,,,,,,,,,,,,,,,,,,,,,
,,492926,,,,,,,,,594785,850000,,,,,,,,,,,,,,,,,,,,,,,,,,,,,,,,,,,,,,,,,,,,,,,,,,,,,,,,,,,,,,,,,,,,,,,,,,,,,,,,,,,,,,,,,,,,,,,,470000,,,,,,,,,,,,,,,,,,,,,,,,,,,,,,,,,,,,,,,,,,,,,,,,,,,,,,,,,,,,,,,,,,,,,,,,,,,,,,,,,,,,,,,,,,,,,,,,,,,,,,,,,,,,,,,,,,,,,,,,,,,,,,,,,,,,,,,,,,,,,,,,,,,,,,,,,,,,,,,,,,,,,,,,,,,,,,,,,,,,,,,,,,,,,,,,,,,,,,,,,,,,,,,,,,,,,,,,,,,,,,,,,,,,,,,,,,,,,,,,,,,,,,,,,,,,,,,,,,,,,,,,,,,,,,,,,,,,,,,,,,,,,,,,,,,,,,,,,,,,,,,,,,,,,,,,,,,,,,,,,,,,,,,,,,,,,,,,,,,,,,,,,,,,,,,,,,,,,,,,,,,,,,,,,,,,,,,,,,,,,,,,,,,,,,,,,,,,,,,,,,,,,,,,,,,,,,,,,,,,,,,,,,,,,,,,,,,,,,,,,,,,,,,,,,,,,,,,,,,,,,,,,,,,,,,,,,,,,,,,,,,,,,,,,,,,,,,,,,,,,,,,,,,,,,,,,,,,,,,,,,,,,,,,,,,,,,,,,,,,,,,,,,,,,,,,,,,,,,,,,,,,,,,,,,,,,,,,,,,,,,,,,,,,,,,,,,,,,,,,,,,,,,,,,,,,
,,,,,,,,,,,,,,,,,,,,,,,,,,,,,,,,,,,,,,,,,,,,,,,,,,,,,,,,,,,,,,,,,,,,,,,,,,,,,,,,,,,,,,,,,,,,,,,,,,,,,,,,,,,,,,,,,,,,,,,,,,,485000,,,,,,,,,,,,,,,,,,,,,,,,,,,,,,,,,,,,,,,,,,,,,,,,,,,,,,,,,,,,,,,,,,,,,,,,,,,,,,,,,,,,,,,,,,,,,,,,,,,,,,,,,,,,,,,,,,,,,,,,,,,,,,,,,,,,,,,,,,,,,,,,,,,,,,,,,,,,,,,,,,,,,,,,,,,,,,,,,,,,,,,,,,,,,,,,,,,,,,,,,,,,,,,,,,,,,,,,,,,,,,,,,,,,,,,,,,,,,,,,,,,,,,,,,,,,,,,,,,,,,,,,,,,,,,,,,,,,,,,,,,,,,,,,,,,,,,,,,,,,,,,,,,,,,,,,,,,,,,,,,,,,,,,,,,,,,,,,,,,,,,,,,,,,,,,,,,,,,,,,,,,,,,,,,,,,,,,,,,,,,,,,,,,,,,,,,,,,,,,,,,,,,,,,,,,,,,,,,,,,,,,,,,,,,,,,,,,,,,,,,,,,,,,,,,,,,,,,,,,,,,,,,,,,,,,,,,,,,,,,,,,,,,,,,,,,,,,,,,,,,,,,,,,,,,,,,,,,,,,,,,,,,,,,,,,,,,,,,,,,,,,,,,,,,,,,,,,,,,,,,,,,,,,,,,,,,,,,,,,,,,,,,,,,,,,,,,,,,
